Author,Number of Articles Published
"Elsner, Benjamin",1
"Isphording, Ingo E.",1
"Smith, Bruce D.",2
"Johnson, Matthew",1
"Keane, Michael P.",4
"Stinebrickner, Todd R.",2
"Zenou, Yves",3
"Dagsvik, John",1
"Jovanovic, Boyan",2
"Shepard, Andrea",1
"Lazear, Edward P.",10
"Francesconi, Marco",3
"Gustman, Alan L.",4
"Steinmeier, Thomas L.",4
"Colombino, Ugo",1
"De Stavola, Bianca",1
"Sparks, Roger",1
"Goldin, Claudia",3
"Katz, Lawrence F.",4
"Walsh, Frank",1
"Kiefer, Nicholas M.",3
"Burkhauser, Richard V.",1
"Couch, Kenneth A.",2
"Wittenburg, David C.",1
"Pencavel, John",2
"Hartsog, Catherine E.",1
"Moulton, Brent R.",1
"Marino, Anthony M.",1
"Zabojnik, Jan",2
"Bowlus, Audra J.",2
"Idson, Todd L.",2
"Feaster, Daniel J.",1
"McCall, B. P.",1
"McCall, J. J.",1
"Ribar, David C.",1
"Hutchens, Robert M.",1
"Asch, Beth J.",1
"Warner, John T.",2
"Bulow, Jeremy I.",1
"Summers, Lawrence H.",3
"Prendergast, Canice J.",1
"Oyer, Paul",2
"Stern, Steven",3
"De Paola, Maria",1
"Scoppa, Vincenzo",1
"Pupo, Valeria",1
"Stinebrickner, Ralph",4
"Stinebrickner, Todd",3
"Goodman, Joshua",1
"Hurwitz, Michael",2
"Smith, Jonathan",2
"Seitz, Shannon",1
"Mellow, Wesley",1
"Sider, Hal",1
"Lundberg, Shelly",4
"Plotnick, Robert D.",1
"Ruhm, Christopher J.",4
"Montgomery, James D.",1
"Smith, James P.",4
"Welch, Finis",6
"Leonard, Jonathan S.",3
"Horstmann, Ignatius J.",1
"Mathewson, Frank",1
"Quigley, Neil",1
"Mengistae, Taye",1
"Xu, Lixin Colin",1
"Ashenfelter, Orley",2
"Bray, Jeremy W.",1
"Mullahy, John",1
"Sindelar, Jody L.",1
"Fortin, Nicole M.",1
"Farber, Henry S.",4
"Blinder, Alan S.",2
"Krueger, Alan B.",6
"Gyourko, Joseph",1
"Tracy, Joseph",3
"Chiswick, Barry R.",6
"Shimada, Haruo",1
"Higuchi, Yoshio",1
"Riboud, Michelle",2
"Franz, Wolfgang",1
"Shaw, Kathryn L.",4
"Courty, Pascal",1
"Marschke, Gerald",1
"Thomas, Jonathan M.",1
"Trivedi, P. K.",2
"Hui, W. T.",1
"Tracy, Joseph S.",3
"Sasaki, Masaru",1
"Dickinson, David L.",1
"Duncan, Greg J.",2
"Hill, Daniel H.",1
"DeVaro, Jed",3
"Kauhanen, Antti",1
"Boyd, Donald",1
"Lankford, Hamilton",1
"Loeb, Susanna",1
"Wyckoff, James",1
"Kleiner, Morris M.",2
"Reilly, Kevin T.",1
"Pistaferri, Luigi",1
"Foote, Christopher L.",1
"Whatley, Warren C.",1
"Wright, Gavin",1
"Currie, Janet",5
"Holzer, Harry",1
"Neumark, David",8
"Hunt, Jennifer",4
"Budd, John W.",2
"Slaughter, Matthew J.",1
"Lechner, Michael",1
"Wunsch, Conny",1
"Flinn, Christopher J.",1
"Heckman, James J.",7
"Hashimoto, Mansanori",1
"Howell, Jessica S.",1
"Borjas, George J.",7
"Bredemeier, Christian",1
"Juessen, Falko",1
"Aydemir, Abdurrahman",1
"Grogger, Jeffrey",1
"Hanson, Gordon H.",2
"Charness, Gary",3
"Pecorino, Paul",1
"Van Boening, Mark",1
"Sopher, Barry",1
"Card, David",7
"Olson, Craig A.",2
"Daniel, Christophe",1
"Sofer, Catherine",1
"Breen, Richard",1
"Garcia-Penalosa, Cecilia",1
"Biddle, Jeff E.",2
"Hamermesh, Daniel S.",5
"Kandel, Eugene",1
"Simhon, Avi",1
"LaFontaine, Paul A.",2
"Mincer, Jacob",3
"Moretti, Enrico",1
"Kessler, Daniel",1
"Behrman, Jere R.",2
"Taubman, Paul",3
"Griliches, Zvi",2
"Johnson, Matthew T.",1
"Bernhardt, Dan",3
"Backus, David",1
"Prendergast, Canice",3
"Bowlus, Audra",1
"Liu, Haoming",1
"Robinson, Chris",6
"Jacob, Brian A.",2
"Lefgren, Lars",2
"Wong, Linda Y.",2
"Manacorda, Marco",1
"Pavan, Ronni",2
"Auriol, Emmanuelle",1
"Friebel, Guido",1
"Pechlivanos, Lambros",1
"Andersson, Fredrik",1
"Even, William E.",1
"Brewer, Dominic J.",1
"Altonji, Joseph G.",5
"Kahn, Lisa B.",1
"Speer, Jamin D.",1
"MacDonald, Glenn M.",2
"Baker, George P.",1
"Hall, Brian J.",1
"Gottschalk, Peter",5
"Moffitt, Robert",3
"Bharadwaj, Prashant",1
"Lange, Fabian",3
"Maurin, Eric",3
"Thesmar, David",1
"Blau, Francine D.",4
"Kahn, Lawrence M.",8
"Beaudry, Paul",2
"Green, David A.",4
"Bernal, Raquel",1
"Dinopoulos, Elias",1
"Zhao, Laixun",1
"Lefebvre, Pierre",1
"Merrigan, Philip",1
"Weiss, Yoram",8
"Willis, Robert J.",4
"Zarkin, Gary A.",2
"Mani, Anandi",1
"Mullin, Charles H.",1
"Glaeser, Edward L.",2
"Mare, David C.",1
"Burke, Mary A.",1
"Sass, Tim R.",2
"Falk, Armin",3
"Ichino, Andrea",2
"Doran, Kirk B.",1
"Freeman, Richard B.",6
Wei Huang,1
"Blakemore, Arthur E.",3
"Hunt, Janet C.",1
"Kiker, B. F.",1
"Ichniowski, Casey",3
"Lauer, Harrison",1
"Loury, Linda Datcher",2
"Garman, David",1
"Kossoudji, Sherrie A.",2
"Cobb-Clark, Deborah A.",2
"Ehrenberg, Ronald G.",3
"Smith, Robert S.",1
"Gibbons, Robert",4
"Lemieux, Thomas",3
"Parent, Daniel",5
"Li, Elizabeth H.",1
"Wolfe, John R.",1
"Ortin-Angel, Pedro",1
"Salas-Fumas, Vicente",1
"Baker, George",1
"Shaw, Kathryn",3
"Smith, Abbie",1
"Kuhn, Peter",11
"Villeval, Marie Claire",1
"Wang, Ruqu",1
"Reder, Melvin W.",1
"Flanagan, Robert J.",1
"Michael, Robert T.",3
"Danziger, Leif",2
"Raisian, John",1
"Cardoso, Ana Rute",1
"Portugal, Pedro",3
"Jimenez-Martin, Sergi",1
"Bognanno, Michael L.",1
"Page, Marianne E.",2
"Solon, Gary",4
"San, Gee",1
"Golan, Limor",3
"Myers, Caitlin Knowles",1
"Pocock, Mark L.",1
"Lipset, Seymour Martin",1
"Combes, Pierre-Philippe",1
"Decreuse, Bruno",1
"Laouenan, Morgane",1
"Trannoy, Alain",1
"Ohashi, Isao",1
"Hallock, Kevin F.",1
"Corak, Miles",2
"Valletta, Robert G.",3
"Cunha, Flavio",1
"Heckman, James",1
"Suen, Wing",1
"Hutchens, Robert",1
"Danzinger, Leif",1
"Neuman, Shoshana",1
"Bound, John",5
"Holzer, Harry J.",3
"MacIsaac, Donna",1
"Rama, Martin",1
"Ittner, Christopher D.",1
"Larcker, David F.",1
"Weiss, Andrew",2
"Dillon, Eleanor Wiske",1
"Smith, Jeffrey Andrew",1
"MacLeod, W. Bentley",4
"Raff, Daniel M. G.",1
"Moscarini, Giuseppe",1
"Postel-Vinay, Fabien",1
"Hirsch, Boris",1
"Schank, Thorsten",1
"Schnabel, Claus",1
"Meitzen, Mark E.",1
"Gramm, Cynthia L.",2
"Schnell, John F.",2
"Campolieti, Michele",1
"Olsen, Trond E.",2
"Torsvik, Gaute",1
"Black, Dan A.",7
"Martins, Pedro S.",1
"Hu, Luojia",1
"Taber, Christopher",1
"Loewenstein, Mark A.",3
"Spletzer, James R.",2
"Chiappori, Pierre-Andre",1
"Moore, William J.",1
"Newman, Robert J.",1
"Turnbull, Geoffrey K.",1
"Benson, Alan",1
"Devereux, Paul J.",3
"Campbell, Carl M., III",1
"Brown, Meta",1
"Setren, Elizabeth",1
"Topa, Giorgio",1
"Morin, Louis-Philippe",1
"Weinberg, Bruce A.",2
"Reagan, Patricia B.",1
"Yankow, Jeffrey J.",1
"Del Bono, Emilia",2
"Weber, Andrea",1
"Loewenstein, George F.",1
"Sicherman, Nachum",5
"Kugler, Adriana D.",2
"Sauer, Robert M.",2
"Baum, Charles L., II",1
"Mansour, Hani",1
"Orrenius, Pia M.",1
"Zavodny, Madeline",2
"Kroft, Kory",2
"Pope, Devin G.",1
"Davies, James B.",1
"Grogger, Jeff",2
"Angrist, Joshua D.",4
"Lavy, Victor",5
"Cullen, Julie Berry",1
"Gruber, Jonathan",3
"Carrell, Scott E.",1
"Fullerton, Richard L.",1
"West, James E.",1
"Brassiolo, Pablo",1
"Bollinger, Christopher",1
"Ziliak, James P.",3
"Troske, Kenneth R.",4
"Fairlie, Robert W.",5
"Albrecht, James W.",2
"Vroman, Susan B.",2
"Ishida, Junichiro",2
"Rich, Robert",1
"Baker, Michael",6
"Benjamin, Dwayne",3
"Light, Audrey",5
"Ureta, Manuelita",2
"Lam, Kit-Chun",1
"Liu, Pak-Wai",1
"Black, Dan",1
"Kolesnikova, Natalia",1
"Taylor, Lowell",1
"Stevens, Margaret",1
"Haider, Steven J.",1
"McManus, Walter",1
"Gould, William",1
"Booth, Alison L.",2
"Frank, Jeff",1
"Hirsch, Barry T.",7
"Macpherson, David A.",3
"O'Keeffe, Mary",1
"Viscusi, W. Kip",2
"Zeckhauser, Richard J.",1
"Thomason, Terry",1
"Burton, John F., Jr.",1
"Park, Ki Seong",1
"Hum, Derek",1
"Simpson, Wayne",1
"Anderson, Gary M.",1
"Block, Walter",2
"Hvide, Hans K.",2
"Moen, Espen R.",1
"Stapleton, David C.",1
"Young, Douglas J.",1
"Buchinsky, Moshe",1
"Leslie, Phillip",1
"Dubois, Pierre",1
"de Janvry, Alain",1
"Sadoulet, Elisabeth",1
"Bruce, Christopher J.",1
"Atkins, Frank J.",1
"Rebitzer, James B.",2
"Taylor, Lowell J.",2
"Clark, Andrew",1
"Wolpin, Kenneth I.",3
"Murphy, Kevin M.",5
"Dickens, William T.",1
"Stoll, Michael A.",1
"Barron, John M.",5
"Van Reenen, John",1
"Montgomery, Edward",1
"Revenga, Ana",1
"Low, Stuart A.",2
"Ormiston, Michael B.",1
"Varejao, Jose",1
"Clark, Todd E.",1
"Oi, Walter Y.",1
"Ahituv, Avner",1
"Tienda, Marta",1
"Cater, Bruce I.",1
"Hogan, Chad",1
"Waldman, Michael",4
"Topel, Robert H.",2
"Ramaswami, Chitra",1
"Neal, Derek",4
"Daula, Thomas",1
"Gobillon, Laurent",1
"Meurs, Dominique",1
"Roux, Sebastien",1
"Gunderson, Morley",3
"Melino, Angelo",2
"Fox, Jeremy T.",2
"Ransom, Michael R.",4
"Sims, David P.",1
"Smith, James D.",1
"Smith, Jeffrey A.",2
"Baker, G. M.",1
"Damm, Anna Piil",1
"Engberg, John",1
"Epple, Dennis",1
"Imbrogno, Jason",1
"Sieg, Holger",1
"Zimmer, Ron",2
"Hotz, V. Joseph",1
"Imbens, Guido W.",1
"Klerman, Jacob A.",1
"Leuven, Edwin",2
"Oosterbeek, Hessel",2
"Eriksson, Tor",2
"Schonberg, Uta",3
"Ludsteck, Johannes",1
"Rogers, Cynthia L.",1
"Antonovics, Kate",1
"Kuhnen, Camelia M.",1
"Abraham, Katharine G.",2
"Haltiwanger, John",4
"Sandusky, Kristin",1
"Macis, Mario",1
"Schivardi, Fabiano",2
"Chen, Kong-Pin",2
"Chan, William",2
"Gibbons, Stephen",1
"Silva, Olmo",2
"Cook, Michael D.",1
"Evans, William N.",2
"Hauser, Robert M.",1
"Sewell, William H.",1
"Ogawa, Naohiro",1
"Ermisch, John F.",1
"Swaim, Paul",1
"Podgursky, Michael",2
"Dunn, Thomas",1
"Holtz-Eakin, Douglas",2
"Brown, Charles",2
"Medoff, James L.",1
"Taylor, Susan K.",1
"Barth, Erling",2
"Balmaceda, Felipe",1
"Knez, Marc",1
"Simester, Duncan",1
"Osberg, Lars",1
"Sobel, Joel",1
"Bertrand, Marianne",1
"Antecol, Heather",2
"Gayle, George-Levi",1
"Miller, Robert A.",1
"Azmat, Ghazala",1
"Guell, Maia",1
"Manning, Alan",4
"Pan, Jessica",2
"Sattinger, Michael",1
"McLaughlin, Kenneth J.",3
"Avery, Christopher",1
"Cunat, Vicente",1
"Guadalupe, Maria",2
"Turner, Sarah",1
"Acemoglu, Daron",2
"Keeley, Michael C.",1
"Robins, Philip K.",2
"Rosen, Sherwin",7
"McElroy, Marjorie B.",2
"Oswald, Andrew J.",3
"Proto, Eugenio",1
"Sgroi, Daniel",1
"Polsky, Daniel",2
"Hansen, Daniel",1
"Kahn, Matthew E.",1
"Hwang, Hae-shin",1
"Mortensen, Dale T.",3
"Reed, W. Robert",1
"Berman, Eli",1
"Connolly, Marie",1
"Paglin, Morton",1
"Rufolo, Anthony M.",1
"Chen, Yu-Fu",1
"Zoega, Gylfi",1
"Fuchs, Victor R.",1
"Bettinger, Eric",1
"Haegeland, Torbjorn",1
"Rege, Mari",1
"Edwards, Linda N.",1
"Field-Hendrey, Elizabeth",1
"Chowdhury, Gopa",1
"Nickell, Stephen",1
"Earle, John S.",2
"Nelson, Julie A.",1
"Zhao, Lingxiao",1
"Burge, Gregory",1
"Burdett, Kenneth",2
"Ondrich, Jan I.",1
"Zafar, Basit",1
"Saint-Paul, Gilles",1
"Dustmann, Christian",1
"Glitz, Albrecht",2
"Milligan, Kevin",1
"Gathmann, Christina",1
"Sabirianova, Klara Z.",1
"van Ours, Jan C.",3
"Vodopivec, Milan",1
"Ni, Shawn",1
"Fiorini, Mario",1
"Spurr, Stephen J.",1
"Cooley Fruehwirth, Jane",1
"Navarro, Salvador",1
"Takahashi, Yuya",1
"Berger, Mark C.",2
"Brown, Eleanor",1
"Kaufold, Howard",1
"Becker, Gary S.",4
"Tomes, Nigel",2
"Chang, Chun",1
"Wang, Yijiang",2
"Eriksson, Goran",1
"Poletaev, Maxim",1
"Kuziemko, Ilyana",1
"Bollinger, Christopher R.",4
"Chandra, Amitabh",2
"Lin, Xu",1
"Skuterud, Mikal",1
"DeSimone, Jeff",1
"Ganguli, Ina",1
"Bronars, Stephen G.",2
"Shiells, Clinton R.",1
"Lowell, B. Lindsay",1
"Gotlibovski, Menachem",1
"Samuelson, Larry",2
"Berkovitch, Elazar",1
"Autor, David",1
"Dorn, David",1
"Price, Brendan",1
"Bester, Helmut",1
"Drago, Robert",1
"Garvey, Gerald T.",2
"Sonnemans, Joep",1
"van der Klaauw, Bas",2
"Carroll, Robert",1
"Cecchetti, Stephen G.",1
"Bloemen, Hans G.",2
"Stancanelli, Elena G. F.",1
"Diamond, Charles A.",1
"Simon, Curtis J.",2
"Alvi, Eskander",1
"Garicano, Luis",1
"Heaton, Paul",1
"Leonesio, Michael V.",1
"Huffman, David",1
"Macleod, W. Bentley",1
"Sarvimaki, Matti",1
"Hamalainen, Kari",1
"Shin, Kwanho",1
"Carrington, William J.",4
"Vosters, Kelly",1
"Nybom, Martin",1
"Rosenzweig, Mark R.",1
"Goltsman, Maria",1
"Mukherjee, Arijit",1
"Bils, Mark",1
"Zaman, Asad",1
"Meng, Xin",1
"Gregory, Robert G.",1
"Duncan, Brian",1
"Trejo, Stephen J.",2
"Wulf, Julie",1
"Morita, Hodaka",1
"Brown, James N.",2
"Camargo, Braz",2
"Adams, James D.",1
"Ermisch, John",1
"Johnson, William R.",1
"Mas, Alexandre",1
"Kerr, William R.",3
"Turner, Sarah E.",1
"Fallick, Bruce C.",1
"Hassett, Kevin A.",1
"Schwarz, Michael",1
"Severinov, Sergei",1
"Maloney, Tim",1
"Perez-Arce, Francisco",1
"Hartzell, Jay C.",1
"Parsons, Christopher A.",1
"Yermack, David L.",1
"Figlio, David",1
"Rush, Mark",1
"Yin, Lu",1
"Jaeger, David A.",1
"Stevens, Ann Huff",4
"Boeri, Tito",1
"Moen, Jarle",1
"Harrison, Alan",1
"Stewart, Mark",1
"Boschini, Anne",1
"Sjogren, Anna",1
"Hansen, Michael",1
"Albrecht, James",1
"Bjorklund, Anders",1
"Vroman, Susan",1
"Staiger, Douglas O.",1
"Spetz, Joanne",1
"Phibbs, Ciaran S.",1
"Bryson, Alex",1
"Davis, James C.",1
"Freeman, Richard",1
"Ben-Porath, Yoram",2
"Gronau, Reuben",6
"Blundell, Richard",1
"Brewer, Mike",1
"Belzil, Christian",3
"Charles, Kerwin Kofi",1
"Stephens, Melvin, Jr.",2
"Addison, John T.",3
"Burgess, Simon",2
"Lane, Julia",2
"Stevens, David",1
"Chan, Sewin",1
"Bishop, John H.",1
"Cave, George",1
"Schmutte, Ian M.",1
"DellaVigna, Stefano",1
"Paserman, M. Daniele",1
"Lentz, Rasmus",2
"Tranaes, Torben",2
"Yamaguchi, Shintaro",2
"Vishwanath, Tara",1
"Marinescu, Ioana",1
"Diebold, Francis X.",1
"Royalty, Anne Beeson",1
"Levine, David I.",3
"Ito, Takatoshi",1
"Blau, David M.",5
"Ashenfelter, Orley C.",1
"Farber, Henry",1
"Santos-Pinto, Luis",1
"Harrison, Ann E.",2
"Leamer, Edward",1
"Katz, Eliakim",1
"Stark, Oded",2
"Zucker, Lynne G.",1
"Darby, Michael R.",1
"Torero, Maximo",1
"Saks, Raven E.",1
"Wozniak, Abigail",1
"Paxson, Christina H.",2
"Malcomson, James M.",1
"Gomme, Paul",1
"Bertola, Giuseppe",1
"Arnott, Richard J.",1
"Stiglitz, Joseph E.",1
"Tauman, Y.",1
"Weiss, Y.",1
"Eliason, Marcus",1
"Storrie, Donald",1
"Hosios, Arthur J.",2
"Weinberger, Catherine",1
"Kostiuk, Peter F.",1
"Follmann, Dean A.",1
"Gu, Wulong",1
"Pastorino, Elena",1
"Cheron, Arnaud",1
"Hairault, Jean-Olivier",1
"Langot, Francois",1
"Bohlmark, Anders",1
"Lindquist, Matthew J.",2
"Bonke, Timm",1
"Corneo, Giacomo",1
"Luthen, Holger",1
"Kervin, John",1
"Reid, Frank",1
"Chin, Aimee",1
"Schmidt, Stefanie R.",1
"Gamber, Edward N.",1
"Notowidigdo, Matthew J.",1
"Castleman, Benjamin L.",1
"Long, Bridget Terry",1
"Taylor, Beck A.",1
"Trogdon, Justin G.",1
"Audas, Rick",1
"Barmby, Tim",1
"Treble, John",1
"Hall, Robert E.",2
"Stanton, Christopher",1
"Orazem, Peter F.",1
"Mattila, J. Peter",1
"Giuliano, Laura",2
"Leonard, Jonathan",1
"Swan, Peter L.",1
"Holmes, Thomas J.",1
"Schmitz, James A., Jr.",1
"Jones, Stephen R. G.",2
"Lommerud, Kjell Erik",1
"Roth, Alvin E.",1
"Baker, Matthew J.",1
"Jacobsen, Joyce P.",1
"Schumacher, Edward J.",1
"Nalbantian, Haig R.",1
"Schotter, Andrew",1
"Bandiera, Oriana",1
"Guiso, Luigi",1
"Prat, Andrea",1
"Sadun, Raffaella",1
"Kapteyn, Arie",1
"Ypma, Jelmer Y.",1
"Christensen, Bent Jesper",2
"Kornfeld, Robert",1
"Bloom, Howard S.",1
"Yavas, Abdullah",1
"Chiang, Shin-Hwan",1
"Leung, Siu Fai",1
"Yaniv, Gideon",1
"Dube, Arindrajit",1
"Lester, T. William",1
"Reich, Michael",1
"Wascher, William",1
"Swinnerton, Kenneth A.",1
"Allgulin, Magnus",1
"Ellingsen, Tore",1
"Bose, Gautam",1
"Lang, Kevin",3
"Ioannides, Yannis M.",1
"Pissarides, Christopher A.",3
"Carpenter, Jeffrey",1
"Gong, Erick",1
"Zax, Jeffrey S.",2
"Kain, John F.",2
"Timmis, Gerald C.",1
"Angrist, Joshua",2
"Schlosser, Analia",2
"Lindbeck, Assar",1
"Snower, Dennis J.",1
"Davidson, Carl",2
"Rosen, Harvey S.",2
"Hellerstein, Judith K.",2
"McInerney, Melissa",1
"Hojvat Gallin, Joshua",1
"Hanushek, Eric A.",1
"Rivkin, Steven G.",1
"Bayard, Kimberly",1
"Kaushal, Neeraj",1
"Jagannathan, Radha",1
"Camasso, Michael J.",1
"Killingsworth, Mark",1
"Oaxaca, Ronald L.",1
"Entorf, Horst",1
"Gollac, Michel",1
"Kramarz, Francis",2
"Coles, Jeffrey L.",2
"Chilton, John B.",1
"McCue, Kristin",3
"Pierce, Brooks",2
"Plant, Mark W.",1
"Weisbrod, Burton A.",1
"Vella, Francis",1
"Bassanini, Andrea",1
"Brunello, Giorgio",2
"Caroli, Eve",1
"Saloner, Garth",1
"Blackburn, McKinley L.",1
"Eberts, Randall W.",2
"Stone, Joe A.",2
"Ionnides, Yannis M.",1
"Sato, Ryuzo",1
"Hyll, Walter",1
"Yun, Jungyoll",1
"Startz, Richard",1
"Gonzalez-Chapela, Jorge",1
"Gietzmann, Miles",1
"Hemmer, Thomas",1
"van der Klaauw, Wilbert",1
"Neumann, George R.",2
"Werwatz, Axel",1
"Bac, Mehmet",1
"Boning, Brent",1
"Choe, Chongwoo",1
"Konya, Istvan",1
"Arvan, Lanny",1
"McCabe, Peter J.",1
"Spinnewyn, Frans",1
"Svejnar, Jan",1
"Coles, Melvyn",1
"Masters, Adrian",1
"Fredriksson, Peter",1
"Holmlund, Bertil",2
"Pakes, Ariel",1
"Nitzan, Shmuel",1
"Harstad, Bard",1
"Autor, David H.",3
"Cortes, Patricia",1
"Del Boca, Daniela",1
"Monfardini, Chiara",1
"Nicoletti, Cheti",1
"Angelov, Nikolay",1
"Johansson, Per",1
"Lindahl, Erica",1
"Hannan, R. Lynn",1
"Kagel, John H.",1
"Moser, Donald V.",1
"Wood, Robert G.",1
"Corcoran, Mary E.",1
"Courant, Paul N.",1
"Moene, Karl Ove",1
"Wallerstein, Michael",1
"Barro, Jason R.",1
"Barro, Robert J.",1
"Barrow, Lisa",2
"Richburg-Hayes, Lashawn",1
"Rouse, Cecilia Elena",1
"Brock, Thomas",1
"Ammermueller, Andreas",1
"Pischke, Jorn-Steffen",2
"Lu, Fangwen",1
"Anderson, Michael L.",1
"Gjerde, Kathy Paulson",1
"Cingano, Federico",1
"Rosolia, Alfonso",1
"Rotemberg, Julio J.",1
"Ors, Evren",1
"Palomino, Frederic",1
"Peyrache, Eloic",1
"Griffith, Rachel",1
"Neely, Andrew",1
"Heywood, John S.",2
"Arrow, Kenneth J.",1
"Goux, Dominique",1
"Seltzer, Andrew",1
"Merrett, David T.",1
"Nicholson, Sean",1
"Dunne, Timothy",2
"Roberts, Mark J.",1
"Wanner, Eric",1
"Fitzpatrick, Maria Donovan",1
"Burgess, Paul L.",1
"Olsson, Martin",1
"Tag, Joacim",1
"Aaronson, Daniel",3
"French, Eric",2
"Arcidiacono, Peter",1
"Kinsler, Josh",3
"Price, Joseph",1
"Hersch, Joni",1
"Scoones, David",1
"Owan, Hideo",1
"Altmann, Steffen",1
"Wibral, Matthias",1
"Bognanno, Michael",1
"Abramovsky, Laura",1
"Battistin, Erich",1
"Fitzsimons, Emla",1
"Goodman, Alissa",1
"Simpson, Helen",1
"van den Berg, Gerard J.",3
"Bar, Talia",1
"Kadiyali, Vrinda",1
"Zussman, Asaf",1
"Handel, Michael J.",1
"Mehta, Shailendra Raj",1
"Sherer, Peter D.",1
"Datcher-Loury, Linda",1
"Harte-Chen, Paul",1
"Foster, Lucia",1
"Grim, Cheryl",1
"Braga, Breno",1
"Golden, Joseph M.",1
"Khanna, Gaurav",1
"Naidu, Suresh",1
"Petrongolo, Barbara",2
"Rose, Nancy L.",1
"Wolfram, Catherine",1
"Santiago, Carlos E.",1
"Kim, Dae Il",2
"Bracha, Anat",1
"Gneezy, Uri",1
"Loewenstein, George",1
"Galizzi, Monica",1
"Bover, Olympia",1
"Arai, Mahmood",2
"Thoursie, Peter Skogman",1
"Hildreth, Andrew K. G.",1
"Carmichael, H. Lorne",3
"Wruck, Eric G.",1
"Wruck, Karen H.",1
"Slade, Frederic P.",1
"Hanoch, Giora",1
"Honig, Marjorie",2
"Lee, Darin",1
"Rupp, Nicholas G.",1
"Gould, Eric D.",1
"Brinch, Christian N.",1
"Hernaes, Erik",1
"Jia, Zhiyang",1
"Peltzman, Sam",1
"Pekkala Kerr, Sari",1
"Pekkarinen, Tuomas",1
"Uusitalo, Roope",1
"Rosen, Asa",1
"Bull, Clive",1
"Ornati, Oscar",1
"Tedeschi, Piero",1
"Wright, Randall D.",2
"Wheeler, Christopher H.",1
"Helwege, Jean",1
"Aslund, Olof",1
"Hensvik, Lena",2
"Nordstrom Skans, Oskar",1
"Laband, David N.",1
"Lentz, Bernard F.",1
"Sedlacek, Guilherme L.",1
"Dye, Ronald A.",1
"Antle, Rick",1
"Carruthers, Celeste K.",1
"Wanamaker, Marianne H.",1
"Lafontaine, Francine",1
"Becker, Elizabeth",1
"Lindsay, Cotton M.",1
"Corcoran, Mary",1
"Plug, Erik",1
"Webbink, Dinand",1
"Martin, Nick",1
"Mayshar, Joram",1
"Halevy, Yoram",1
"Blank, Rebecca M.",2
"Iranzo, Susana",1
"Tosetti, Elisa",1
"Jones, John Bailey",1
"Yang, Fang",1
"DiNardo, John E.",1
"Kerr, Sari Pekkala",2
"Lincoln, William F.",2
"Pallais, Amanda",1
"Gee, Laura K.",1
"Jones, Jason",1
"Burke, Moira",1
"Skans, Oskar Nordstrom",1
"Kreider, Brent",2
"Bartel, Ann",1
"Bloom, David E.",1
"Siow, Aloysius",3
"Brueckner, Jan K.",1
"Coulson, N. Edward",1
"Laing, Derek",1
"Wang, Ping",1
"Munasinghe, Lalith",2
"Zhylyevskyy, Oleksandr",1
"Cohodes, Sarah R.",1
"Dynarski, Susan M.",1
"Pathak, Parag A.",1
"Walters, Christopher R.",1
"Sjoquist, David L.",1
"Winters, John V.",1
"Oettinger, Gerald S.",1
"Peri, Giovanni",1
"Shih, Kevin",1
"Sparber, Chad",1
"Chau, Nancy H.",1
"Conlin, Michael",1
"Furusawa, Taiji",1
"Leach, John",1
"Jackson, C. Kirabo",2
"Johnson, George E.",2
"Hausman, Jerry A.",1
"Leonard, Gregory K.",1
"Greenberg, David",1
"Halsey, Harlan",1
"Humphries, John Eric",1
"Rodriguez, Pedro L.",1
"Kottelenberg, Michael J.",1
"Lehrer, Steven F.",1
"Fryer, Roland G.",1
"Mansfield, Richard K.",1
"Tincani, Michela M.",1
"Todd, Petra E.",1
"Sander, William",1
"Chillemi, Ottorino",1
"Gui, Benedetto",1
"Kvaloy, Ola",1
"Spitz-Oener, Alexandra",1
"Bartel, Ann P.",4
"Allen, Steven G.",2
"Dee, Thomas S.",1
"Graff Zivin, Joshua",1
"Neidell, Matthew",1
"Pearce, James E.",1
"Greaves, Ellen",1
"Machin, Stephen",2
"Cowan, Benjamin W.",1
"Knoeber, Charles R.",1
"Thurman, Walter N.",1
"Cain, Glen G.",2
"Finnie, Ross E.",1
"Fabbri, Daniele",1
"Fort, Margherita",1
"Schultz, Theodore W.",1
"Castex, Gonzalo",1
"Kogan Dechter, Evgenia",1
"Larkin, Ian",1
"Hendricks, Wallace E.",1
"Goodman, Sarena F.",1
"Turner, Lesley J.",1
"Cahuc, Pierre",2
"Carcillo, Stephane",1
"McCall, Brian P.",2
"Cramton, Peter C.",2
"Prescott, David",1
"Wilton, David",1
"Di Tella, Rafael",1
"MacCulloch, Robert J.",1
"Woodbury, Stephen A.",1
"Macartney, Hugh",1
"Bruze, Gustaf",1
"Svarer, Michael",1
"Riddell, W. Craig",2
"Dorsey, Stuart",1
"Maki, Dennis R.",1
"Danzon, Patricia M.",1
"Coyte, Peter C.",1
"Mitchell, Olivia S.",2
"Fields, Gary S.",1
"Kotlikoff, Laurence J.",1
"Shoven, John",1
"Spivak, Avia",1
"Abel, Andrew B.",1
"Connelly, Rachel",1
"Olsen, Randall J.",1
"Farkas, George",1
"Engelhardt, Bryan",1
"Lyle, David S.",2
"Smith, John Z.",1
"Kaestner, Robert",1
"Meyer, Bruce D.",3
"Bolduc, Denis",1
"Fortin, Bernard",1
"Fournier, Marc-Andre",1
"Kniesner, Thomas J.",1
"Boustan, Leah Platt",1
"Fishback, Price V.",1
"Kantor, Shawn",1
"Huttunen, Kristiina",1
"Kellokumpu, Jenni",1
"Marshall, Robert C.",1
"Lovenheim, Michael F.",2
"James-Burdumy, Susanne",1
"Bratsberg, Bernt",2
"Ragan, James F., Jr.",1
"Nasir, Zafar M.",1
"de Haan, Monique",1
"Eren, Ozkan",1
"Ozbeklik, Serkan",1
"Ben-Horim, Moshe",1
"Zuckerman, Dror",1
"Houseman, Susan N.",1
"Krueger, Alan",1
"Rouse, Cecilia",1
"Biewen, Martin",1
"Fitzenberger, Bernd",1
"Osikominu, Aderonke",1
"Paul, Marie",1
"Horton, John J.",1
"Booker, Kevin",1
"Gill, Brian",1
"Stixrud, Jora",1
"Urzua, Sergio",1
"Dickens, Richard",1
"Delfgaauw, Josse",2
"Dur, Robert",2
"Non, Arjan",1
"Verbeke, Willem",2
"Juhn, Chinhui",2
"Wallace, Frederick H.",1
"Meyer, Robert H.",1
"Wise, David A.",1
"Wessels, Walter J.",1
"Dyke, Andrew",1
"Heinrich, Carolyn J.",1
"Mueser, Peter R.",1
"Jeon, Kyung-Seong",1
"Henrekson, Magnus",1
"Persson, Mats",1
"Auld, M. Christopher",1
"Falch, Torberg",1
"Chiswick, Carmel U.",2
"Hartog, Joop",1
"Theeuwes, Jules",1
"Ham, John C.",3
"Li, Xianghong",1
"Shore-Sheppard, Lara D.",1
"Miller, Paul W.",1
"Duncan, Gregory M.",1
"Leigh, Duane E.",1
"Cornwell, Christopher",1
"Mustard, David B.",1
"Sridhar, Deepa J.",1
"Meghir, Costas",1
"Whitehouse, Edward",1
"Lozano, Fernando",1
"Mechoulan, Stephane",1
"Waldfogel, Jane",2
"Weinhardt, Felix",1
"Sand, Benjamin M.",1
"Noether, Monica",1
"Stanger, Shuchita",1
"Chatterji, Aaron K.",1
"Chay, Kenneth Y.",1
"Braga, Michela",1
"Paccagnella, Marco",1
"Pellizzari, Michele",1
"Stevenson, Betsey",1
"Johnson, John H., IV",1
"Johnson, Richard W.",1
"Smith, Christopher L.",1
"Bell, Linda A.",1
"Zveglich, Joseph E., Jr.",1
"Rodgers, Yana van der Meulen",1
"Betts, Julian R.",1
"Curme, Michael",1
"Caceres-Delpiano, Julio",1
"Giolito, Eugenio",1
"Fallick, Bruce Chelimsky",1
"Flyer, Fredrick A.",1
"Oreopoulos, Philip",2
"Huff Stevens, Ann",1
"Page, Marianne",1
"Piraino, Patrizio",1
"Haeck, Catherine",1
"Verboven, Frank",1
"Burtless, Gary",1
"Moffitt, Robert A.",1
"Baicker, Katherine",1
"Ibarraran, Pablo",1
"Regalia, Ferdinando",1
"Rosas-Shady, David",1
"Soares, Yuri",1
"Jepsen, Christopher",1
"Troske, Kenneth",1
"Coomes, Paul",1
"Levy, Armando",1
"Vukina, Tomislav",1
"Winter-Ebmer, Rudolf",2
"Dolton, Peter",1
"O'Neill, Donal",1
"Gronqvist, Erik",1
"Lindqvist, Erik",1
"Spenkuch, Jorg L.",1
"Wozniak, David",1
"Harbaugh, William T.",1
"Mayr, Ulrich",1
"Barany, Zsofia L.",1
"Bitler, Marianne",1
"Hoynes, Hilary",1
"Flyer, Fredrick",1
"Cameron, Stephen V.",1
"Preston, Anne E.",1
"Gurtler, Marc",1
"Gurtler, Oliver",1
"Becketti, Sean",1
"Reimers, Cordelia",1
"Curto, Vilsa E.",1
"Fryer, Roland G., Jr.",1
"Kanemoto, Yoshitsugu",1
"Nickell, Stephen J.",1
"Symons, James",1
"Bishop, John",1
"Zabel, Jeffrey E.",1
"McIntyre, Frank",1
"Zimmerman, Seth D.",1
"Strayer, Wayne",1
"Lluis, Stephanie",1
"Rees, Albert",1
"Kenkel, Donald",1
"Lillard, Dean",1
"Mathios, Alan",1
"Jakubson, George",1
"Fevang, Elisabeth",1
"Markussen, Simen",1
"Roed, Knut",2
"Bernheim, B. Douglas",1
"Shleifer, Andrei",1
"Coffey, Bentley",1
"Maloney, M. T.",1
"O'Neill, June",2
"Voos, Paula B.",1
"Mishel, Lawrence R.",1
"Na, In-Gang",1
"Hotchkiss, Julie L.",1
"Cramton, Peter",1
"Stanton, Christopher T.",1
"Costa, Dora L.",1
"Bar-Or, Yuval",1
"Kwon, Illoong",1
"Fama, Eugene F.",1
"Ward, Michael P.",1
"Anderson, Patricia M.",3
"Priest, George L.",1
"Main, Brian G. M.",1
"O'Reilly, Charles A., III",1
"Wade, James",1
"Sol, Joeri",2
"Cunningham, Elizabeth J.",1
"Mohnen, Alwine",1
"Pokorny, Kathrin",1
"Sliwka, Dirk",2
"Goerg, Sebastian J.",1
"Kube, Sebastian",1
"Zultan, Ro'i",1
"Gustafsson, Siv",1
"Jacobsson, Roger",1
"Bernhardt, Annette",1
"Hernandez Iglesias, Feliciano",1
"Peracchi, Franco",1
"Parkin, Michael",1
"Kahn, Charles",1
"Huberman, Gur",1
"Vindigni, Andrea",1
"Scotti, Simone",1
"Tealdi, Cristina",1
"Bai, Chong-En",1
"Hendricks, Wallace",1
"DeBrock, Lawrence",1
"Koenker, Roger",1
"Black, Sandra E.",1
"Salvanes, Kjell G.",1
"Feld, Jan",1
"Zolitz, Ulf",1
"Clark, Andrew E.",1
"Hoffmann, Florian",1
"Mueller, Andreas I.",1
"Rothstein, Jesse",1
"von Wachter, Till M.",1
"Deere, Donald R.",1
"Christofides, Louis N.",1
"McKenna, C. J.",1
"Omori, Yoshiaki",1
"Rea, Samuel A., Jr.",1
"Brown, Eleanor P.",1
"Calmfors, Lars",1
"Zweimuller, Josef",1
"Olivetti, Claudia",1
"Gottlieb, Joshua D.",1
"Ziv, Oren",1
"Dowrick, Steve",1
"Spencer, Barbara J.",1
"Lewis, H. Gregg",2
"Perloff, Jeffrey M.",1
"Sickles, Robin C.",1
"Hayes, Beth",1
"Yao, Yang",1
"Zhong, Ninghua",1
"DeFina, Robert H.",1
"Herbst, Chris M.",1
"Kearl, J. R.",1
"Pope, Clayne L.",1
"O'Flaherty, Brendan",1
"Chemin, Matthieu",1
"Wasmer, Etienne",1
"Tyler, John H.",1
"van Ours, Jan",1
"Ridder, Geert",1
"McNally, Sandra",1
"Sweetman, Arthur",1
"Elsby, Michael W. L.",1
"Shin, Donggyun",1
"Martinello, Felice",1
"Perry, Motty",1
"Hamilton, Jonathan",1
"Thisse, Jacques-Francois",1
"Dahl, Christian M.",1
"le Maire, Daniel",1
"Munch, Jakob R.",1
"Hibbs, Douglas A., Jr.",1
"Locking, Hakan",1
"Werner, Peter",1
"Fu, Shihe",1
"Ross, Stephen L.",1
"Famulari, Melissa",1
"Kristensen, Nicolai",1
"Landau, Henry J.",1
"Allen, Douglas W.",1
"Murray, Charles",1
"Enchautegui, Maria E.",1
"Stafford, Tess M.",1
"Blanchflower, David G.",1
"Gelbach, Jonah B.",1
"Schnedler, Wendelin",1
"Raaum, Oddbjorn",1
"Fehr, Ernst",1
"Rissman, Ellen R.",1
"Cortes, Guido Matias",1
"Leete, Laura",1
"Robb, Alicia M.",1
"Joshi, Heather E.",1
"Layard, Richard",1
"Owen, Susan J.",1
"Compton, Janice",1
"Pollak, Robert A.",1
"Barlevy, Gadi",1
"Van Praag, Mirjam",1
"Huang, Chong",1
"Li, Hongbin",1
"Liu, Pak Wai",1
"Zhang, Junsen",1
"Schirle, Tammy",1
"Polachek, Solomon",1
"Gregory, R. G.",1
"McMahon, P.",1
"Whittingham, B.",1
"Ge, Suqin",1
"Ofer, Gur",1
"Vinokur, Aaron",1
"Paarsch, Harry J.",1
"Paxson, Christina",1
"Herrmann, Mariesa A.",1
"Rockoff, Jonah E.",1
"Cooper, Russell",1
"Aron, Debra J.",1
"DeLeire, Thomas",1
"Levy, Helen",1
"Ruser, John W.",1
"Gicheva, Dora",1
"Friedberg, Rachel M.",1
"Tuma, Nancy Brandon",1
